cohort_month,market,region,device_type,households,activation_rate,first_week_hours,first_week_app_installs,trc_usage_rate,subscription_conversion_rate,monthly_streaming_hours,ad_supported_share,ad_impressions_per_hour,cpm,fill_rate,subscription_arpu,gross_margin,month_1_retention,month_3_retention,month_6_retention,month_12_retention,support_cost_per_household
2025-01,United States,North America,Smart TV OS,20743,0.917,23.7,6.5,0.428,0.267,169.9,0.577,19.7,34.73,0.803,10.31,0.569,0.746,0.698,0.632,0.517,0.52
2025-01,United States,North America,Streaming Stick,14376,0.88,21.2,5.7,0.44,0.261,135.3,0.602,20.7,29.08,0.821,10.17,0.636,0.73,0.68,0.611,0.493,0.6
2025-01,United States,North America,Streaming Box,7670,0.825,19.2,4.8,0.375,0.25,134.5,0.647,24.3,33.95,0.806,9.78,0.585,0.703,0.654,0.586,0.471,0.51
2025-01,United States,North America,Partner TV,7099,0.748,19.1,5.2,0.394,0.241,133.4,0.695,22.7,31.82,0.716,10.25,0.557,0.697,0.647,0.578,0.461,0.56
2025-01,Canada,North America,Smart TV OS,4323,0.947,20.9,6.2,0.456,0.213,158.3,0.645,18.9,24.78,0.779,9.25,0.575,0.738,0.692,0.628,0.516,0.49
2025-01,Canada,North America,Streaming Stick,3150,0.833,18.2,4.8,0.44,0.212,139.5,0.642,20.5,23.43,0.779,9.11,0.483,0.69,0.643,0.578,0.467,0.46
2025-01,Canada,North America,Streaming Box,1843,0.756,19.1,5.1,0.353,0.21,135.2,0.61,17.0,25.93,0.842,8.72,0.567,0.685,0.634,0.566,0.45,0.51
2025-01,Canada,North America,Partner TV,1807,0.655,16.7,4.7,0.329,0.201,114.1,0.629,16.4,23.97,0.842,8.67,0.609,0.662,0.612,0.543,0.427,0.51
2025-01,Mexico,Latin America,Smart TV OS,7595,0.89,20.5,5.3,0.43,0.123,127.5,0.662,20.9,8.98,0.821,5.03,0.465,0.657,0.612,0.55,0.445,0.24
2025-01,Mexico,Latin America,Streaming Stick,5271,0.729,17.4,4.2,0.395,0.119,133.3,0.596,18.8,9.29,0.888,5.12,0.589,0.614,0.569,0.508,0.404,0.27
2025-01,Mexico,Latin America,Streaming Box,2382,0.755,18.1,4.7,0.402,0.127,133.3,0.612,18.6,9.78,0.822,4.76,0.501,0.621,0.576,0.514,0.41,0.27
2025-01,Mexico,Latin America,Partner TV,2755,0.73,18.5,5.3,0.362,0.12,115.9,0.641,23.5,8.57,0.739,4.86,0.616,0.626,0.58,0.516,0.41,0.27
2025-01,Brazil,Latin America,Smart TV OS,7486,0.908,21.5,6.5,0.417,0.125,142.2,0.612,16.1,7.09,0.805,4.57,0.468,0.642,0.599,0.54,0.44,0.22
2025-01,Brazil,Latin America,Streaming Stick,6097,0.788,16.5,5.3,0.385,0.103,128.9,0.596,19.0,7.48,0.827,4.69,0.544,0.596,0.552,0.493,0.392,0.24
2025-01,Brazil,Latin America,Streaming Box,3033,0.893,20.4,4.8,0.388,0.116,137.0,0.606,20.7,7.93,0.816,4.31,0.521,0.636,0.592,0.532,0.43,0.23
2025-01,Brazil,Latin America,Partner TV,3018,0.579,13.5,4.1,0.284,0.1,91.3,0.532,20.5,7.12,0.736,4.6,0.623,0.566,0.519,0.457,0.354,0.2
2025-01,United Kingdom,Europe,Smart TV OS,5603,0.799,17.6,5.7,0.384,0.18,123.4,0.613,17.2,18.99,0.787,8.21,0.528,0.692,0.643,0.576,0.462,0.49
2025-01,United Kingdom,Europe,Streaming Stick,4037,0.885,20.4,5.8,0.477,0.187,158.4,0.725,21.7,20.65,0.762,8.38,0.56,0.688,0.642,0.579,0.471,0.44
2025-01,United Kingdom,Europe,Streaming Box,1877,0.98,24.7,5.5,0.511,0.213,172.3,0.623,23.8,19.47,0.787,8.5,0.609,0.73,0.683,0.62,0.509,0.48
2025-01,United Kingdom,Europe,Partner TV,2120,0.7,15.7,4.0,0.345,0.178,113.6,0.604,19.8,21.78,0.783,8.87,0.573,0.65,0.601,0.534,0.422,0.48
2025-01,Germany,Europe,Smart TV OS,4028,0.98,25.7,6.9,0.535,0.173,169.4,0.561,22.9,19.3,0.804,8.08,0.58,0.712,0.669,0.609,0.504,0.47
2025-01,Germany,Europe,Streaming Stick,3261,0.925,19.1,6.4,0.459,0.177,146.9,0.622,21.9,16.54,0.816,8.04,0.574,0.685,0.638,0.575,0.466,0.45
2025-01,Germany,Europe,Streaming Box,1579,0.865,22.2,5.8,0.449,0.16,159.5,0.638,20.2,18.99,0.841,7.86,0.559,0.67,0.625,0.564,0.458,0.47
2025-01,Germany,Europe,Partner TV,1459,0.763,16.7,4.3,0.339,0.157,132.1,0.583,25.4,19.01,0.842,7.89,0.603,0.646,0.598,0.533,0.423,0.47
2025-02,United States,North America,Smart TV OS,15518,0.98,26.0,7.0,0.471,0.244,173.0,0.54,19.0,31.73,0.76,9.79,0.571,0.765,0.719,0.655,0.543,0.58
2025-02,United States,North America,Streaming Stick,13852,0.75,18.5,4.4,0.385,0.241,110.8,0.658,25.0,28.99,0.765,9.63,0.558,0.704,0.652,0.58,0.461,0.52
2025-02,United States,North America,Streaming Box,6496,0.906,18.5,4.8,0.389,0.238,145.6,0.586,24.0,34.74,0.81,10.19,0.603,0.73,0.68,0.612,0.495,0.5
2025-02,United States,North America,Partner TV,5827,0.677,16.3,4.8,0.35,0.239,121.7,0.602,23.1,35.07,0.731,9.54,0.508,0.672,0.621,0.551,0.435,0.5
2025-02,Canada,North America,Smart TV OS,3750,0.964,20.7,5.3,0.435,0.229,169.6,0.636,17.5,26.14,0.783,9.06,0.593,0.718,0.672,0.607,0.497,0.51
2025-02,Canada,North America,Streaming Stick,2510,0.937,22.3,5.9,0.464,0.211,143.8,0.578,22.1,24.65,0.816,8.91,0.486,0.71,0.664,0.601,0.492,0.51
2025-02,Canada,North America,Streaming Box,1224,0.822,18.5,5.1,0.374,0.214,133.7,0.629,19.2,25.38,0.853,8.93,0.55,0.69,0.641,0.574,0.46,0.49
2025-02,Canada,North America,Partner TV,1413,0.8,19.4,5.6,0.378,0.198,126.5,0.653,24.4,21.87,0.786,8.84,0.538,0.688,0.638,0.57,0.455,0.48
2025-02,Mexico,Latin America,Smart TV OS,5056,0.776,19.5,5.6,0.374,0.112,119.2,0.593,26.0,9.49,0.772,5.08,0.488,0.632,0.586,0.524,0.419,0.24
2025-02,Mexico,Latin America,Streaming Stick,3789,0.873,19.0,5.6,0.396,0.133,131.9,0.576,25.9,8.35,0.87,4.94,0.608,0.654,0.61,0.548,0.443,0.26
2025-02,Mexico,Latin America,Streaming Box,2087,0.934,20.2,5.4,0.494,0.123,138.4,0.677,20.9,8.25,0.716,5.16,0.56,0.652,0.61,0.551,0.45,0.26
2025-02,Mexico,Latin America,Partner TV,2210,0.757,15.6,4.5,0.363,0.117,116.2,0.722,21.0,9.74,0.762,5.16,0.5,0.628,0.581,0.518,0.411,0.25
2025-02,Brazil,Latin America,Smart TV OS,5894,0.87,20.8,6.6,0.458,0.111,139.2,0.587,20.5,7.21,0.728,4.27,0.56,0.632,0.59,0.532,0.433,0.23
2025-02,Brazil,Latin America,Streaming Stick,5262,0.901,20.9,5.6,0.45,0.124,154.2,0.566,17.1,7.85,0.741,4.51,0.559,0.634,0.591,0.532,0.431,0.24
2025-02,Brazil,Latin America,Streaming Box,2298,0.799,19.5,5.5,0.379,0.117,120.5,0.661,20.6,8.22,0.826,4.62,0.601,0.603,0.559,0.501,0.401,0.22
2025-02,Brazil,Latin America,Partner TV,2603,0.724,17.5,3.9,0.337,0.111,104.9,0.642,24.7,7.86,0.836,4.29,0.525,0.586,0.542,0.482,0.381,0.23
2025-02,United Kingdom,Europe,Smart TV OS,3963,0.897,21.5,6.2,0.407,0.204,146.9,0.499,19.5,22.48,0.78,8.57,0.538,0.714,0.667,0.602,0.491,0.46
2025-02,United Kingdom,Europe,Streaming Stick,3093,0.836,18.0,5.1,0.43,0.186,145.8,0.613,21.7,23.09,0.736,8.57,0.557,0.7,0.651,0.585,0.471,0.52
2025-02,United Kingdom,Europe,Streaming Box,1529,0.98,24.4,6.0,0.496,0.215,158.9,0.604,25.6,22.06,0.755,8.31,0.547,0.737,0.693,0.633,0.528,0.45
2025-02,United Kingdom,Europe,Partner TV,1784,0.623,14.8,4.4,0.316,0.169,106.5,0.637,24.7,20.09,0.821,8.74,0.543,0.636,0.586,0.518,0.405,0.47
2025-02,Germany,Europe,Smart TV OS,3516,0.98,24.6,7.2,0.54,0.18,176.2,0.597,25.6,18.05,0.788,7.62,0.46,0.697,0.655,0.595,0.492,0.41
2025-02,Germany,Europe,Streaming Stick,2278,0.784,16.8,5.0,0.388,0.153,124.2,0.672,23.0,16.95,0.828,7.91,0.576,0.646,0.599,0.536,0.429,0.41
2025-02,Germany,Europe,Streaming Box,1287,0.98,20.4,6.3,0.475,0.183,153.5,0.615,19.2,17.07,0.725,8.14,0.608,0.694,0.65,0.589,0.484,0.43
2025-02,Germany,Europe,Partner TV,1091,0.775,18.8,5.5,0.37,0.175,120.6,0.659,16.3,16.6,0.688,7.78,0.598,0.652,0.606,0.543,0.436,0.46
2025-03,United States,North America,Smart TV OS,15135,0.817,19.5,5.2,0.357,0.23,134.6,0.569,22.0,35.1,0.857,10.3,0.584,0.71,0.659,0.589,0.47,0.58
2025-03,United States,North America,Streaming Stick,11885,0.868,20.5,5.4,0.402,0.231,132.4,0.556,23.1,33.53,0.868,10.38,0.604,0.722,0.673,0.607,0.493,0.51
2025-03,United States,North America,Streaming Box,6543,0.938,20.2,6.0,0.499,0.273,136.4,0.621,25.0,34.43,0.79,10.11,0.544,0.719,0.672,0.607,0.495,0.5
2025-03,United States,North America,Partner TV,6041,0.646,15.9,4.7,0.292,0.241,109.9,0.578,21.5,31.34,0.819,10.22,0.594,0.666,0.614,0.544,0.427,0.58
2025-03,Canada,North America,Smart TV OS,3541,0.876,19.7,4.6,0.436,0.196,137.8,0.6,22.8,22.32,0.743,8.7,0.608,0.693,0.645,0.579,0.466,0.54
2025-03,Canada,North America,Streaming Stick,2544,0.908,20.5,6.1,0.466,0.222,141.0,0.64,21.7,22.1,0.781,9.32,0.514,0.706,0.658,0.593,0.48,0.46
2025-03,Canada,North America,Streaming Box,1415,0.98,21.9,7.6,0.496,0.223,177.0,0.779,21.8,23.56,0.848,9.38,0.53,0.751,0.705,0.642,0.532,0.47
2025-03,Canada,North America,Partner TV,1321,0.729,16.4,4.4,0.384,0.194,119.6,0.617,24.8,22.93,0.842,8.71,0.534,0.689,0.639,0.57,0.453,0.5
2025-03,Mexico,Latin America,Smart TV OS,5090,0.939,22.2,7.0,0.482,0.123,155.9,0.615,24.8,9.72,0.847,5.23,0.503,0.654,0.612,0.554,0.453,0.23
2025-03,Mexico,Latin America,Streaming Stick,4035,0.863,20.8,5.0,0.462,0.118,147.4,0.604,24.5,9.15,0.757,4.89,0.489,0.65,0.606,0.546,0.442,0.25
2025-03,Mexico,Latin America,Streaming Box,2214,0.953,20.2,6.7,0.416,0.121,161.8,0.582,20.1,8.91,0.769,5.09,0.596,0.646,0.603,0.544,0.444,0.27
2025-03,Mexico,Latin America,Partner TV,2112,0.685,15.1,4.0,0.311,0.12,121.1,0.714,21.3,9.07,0.788,4.81,0.55,0.618,0.57,0.506,0.398,0.27
2025-03,Brazil,Latin America,Smart TV OS,6980,0.98,23.3,7.0,0.495,0.117,166.4,0.664,22.1,7.45,0.814,4.5,0.563,0.656,0.617,0.563,0.469,0.24
2025-03,Brazil,Latin America,Streaming Stick,5031,0.919,20.6,5.1,0.473,0.113,140.7,0.732,23.5,7.94,0.881,4.68,0.51,0.621,0.579,0.522,0.423,0.23
2025-03,Brazil,Latin America,Streaming Box,2636,0.899,20.2,5.0,0.44,0.119,136.9,0.651,19.2,7.84,0.855,4.56,0.493,0.626,0.585,0.527,0.429,0.22
2025-03,Brazil,Latin America,Partner TV,2324,0.812,17.2,5.3,0.413,0.118,117.1,0.65,21.3,7.74,0.844,4.69,0.622,0.611,0.567,0.507,0.405,0.23
2025-03,United Kingdom,Europe,Smart TV OS,4454,0.944,23.1,6.1,0.503,0.196,152.6,0.652,17.3,19.29,0.834,8.62,0.58,0.714,0.668,0.605,0.495,0.43
2025-03,United Kingdom,Europe,Streaming Stick,3100,0.727,18.5,5.3,0.349,0.179,126.8,0.651,22.7,22.72,0.82,8.53,0.466,0.657,0.609,0.543,0.432,0.52
2025-03,United Kingdom,Europe,Streaming Box,1569,0.706,17.0,4.3,0.381,0.168,113.7,0.62,22.1,20.76,0.84,8.79,0.512,0.663,0.613,0.545,0.431,0.48
2025-03,United Kingdom,Europe,Partner TV,1693,0.83,18.2,4.8,0.428,0.204,143.0,0.61,23.6,20.92,0.731,8.27,0.556,0.688,0.639,0.573,0.459,0.46
2025-03,Germany,Europe,Smart TV OS,3255,0.959,22.3,5.7,0.506,0.161,170.1,0.643,24.4,16.7,0.79,7.68,0.541,0.687,0.643,0.583,0.478,0.49
2025-03,Germany,Europe,Streaming Stick,2233,0.804,17.9,5.2,0.415,0.153,139.5,0.623,24.8,18.59,0.73,8.26,0.576,0.644,0.597,0.534,0.426,0.44
2025-03,Germany,Europe,Streaming Box,1200,0.877,20.7,5.7,0.46,0.156,153.5,0.669,19.2,17.86,0.831,7.63,0.571,0.671,0.625,0.562,0.453,0.44
2025-03,Germany,Europe,Partner TV,1279,0.842,20.0,5.0,0.381,0.164,138.4,0.625,24.8,16.55,0.782,8.02,0.51,0.669,0.621,0.556,0.446,0.41
2025-04,United States,North America,Smart TV OS,16586,0.98,23.6,5.3,0.485,0.242,167.0,0.575,21.4,34.04,0.869,9.88,0.602,0.731,0.684,0.62,0.508,0.52
2025-04,United States,North America,Streaming Stick,12610,0.83,21.1,5.5,0.41,0.257,132.6,0.644,17.8,29.92,0.852,9.89,0.589,0.71,0.661,0.594,0.48,0.51
2025-04,United States,North America,Streaming Box,6235,0.874,19.6,6.1,0.46,0.235,150.5,0.607,23.3,32.43,0.757,10.32,0.622,0.709,0.66,0.593,0.479,0.5
2025-04,United States,North America,Partner TV,6427,0.721,16.9,4.3,0.35,0.236,124.8,0.638,21.2,30.81,0.843,10.17,0.575,0.697,0.645,0.574,0.455,0.5
2025-04,Canada,North America,Smart TV OS,3884,0.794,19.9,4.8,0.437,0.223,134.4,0.717,21.9,22.54,0.754,8.73,0.508,0.692,0.644,0.577,0.464,0.47
2025-04,Canada,North America,Streaming Stick,2525,0.799,17.6,5.8,0.385,0.203,129.5,0.664,18.1,25.86,0.764,8.63,0.495,0.678,0.63,0.564,0.453,0.46
2025-04,Canada,North America,Streaming Box,1247,0.7,17.6,4.9,0.367,0.184,115.6,0.656,25.5,24.37,0.828,8.69,0.505,0.679,0.627,0.557,0.44,0.5
2025-04,Canada,North America,Partner TV,1322,0.77,18.1,4.3,0.359,0.215,116.6,0.704,20.1,23.67,0.803,9.37,0.478,0.667,0.618,0.552,0.439,0.49
2025-04,Mexico,Latin America,Smart TV OS,5545,0.803,19.2,5.1,0.41,0.118,133.8,0.707,17.7,9.4,0.805,4.85,0.532,0.63,0.585,0.524,0.42,0.26
2025-04,Mexico,Latin America,Streaming Stick,4474,0.886,21.5,5.6,0.429,0.121,126.0,0.589,16.0,8.17,0.881,5.02,0.541,0.653,0.608,0.546,0.44,0.26
2025-04,Mexico,Latin America,Streaming Box,2098,0.718,16.5,3.9,0.369,0.114,112.3,0.628,17.6,9.49,0.694,5.01,0.584,0.624,0.577,0.513,0.405,0.27
2025-04,Mexico,Latin America,Partner TV,1968,0.711,16.7,5.0,0.336,0.115,105.9,0.496,22.1,8.86,0.661,4.95,0.503,0.62,0.574,0.51,0.403,0.26
2025-04,Brazil,Latin America,Smart TV OS,6124,0.868,20.1,6.4,0.397,0.12,146.8,0.592,19.8,7.68,0.811,4.47,0.562,0.632,0.59,0.532,0.432,0.21
2025-04,Brazil,Latin America,Streaming Stick,4500,0.814,19.1,4.8,0.452,0.123,135.6,0.653,24.7,7.7,0.76,4.46,0.568,0.631,0.587,0.528,0.425,0.22
2025-04,Brazil,Latin America,Streaming Box,2620,0.845,17.3,5.6,0.383,0.12,143.8,0.638,24.3,6.98,0.781,4.68,0.534,0.606,0.563,0.504,0.405,0.22
2025-04,Brazil,Latin America,Partner TV,2190,0.755,18.5,4.4,0.334,0.101,113.5,0.668,24.3,8.21,0.82,4.69,0.549,0.611,0.565,0.503,0.398,0.23
2025-04,United Kingdom,Europe,Smart TV OS,4438,0.98,25.5,7.4,0.517,0.202,165.0,0.625,16.9,19.23,0.817,8.44,0.523,0.723,0.678,0.616,0.509,0.49
2025-04,United Kingdom,Europe,Streaming Stick,3073,0.792,17.8,5.9,0.375,0.205,132.8,0.604,17.5,19.17,0.771,8.55,0.56,0.692,0.643,0.576,0.462,0.48
2025-04,United Kingdom,Europe,Streaming Box,1551,0.886,22.5,6.0,0.477,0.185,161.6,0.67,25.5,20.49,0.789,8.52,0.566,0.697,0.65,0.587,0.477,0.46
2025-04,United Kingdom,Europe,Partner TV,1707,0.74,17.7,4.5,0.393,0.177,117.1,0.538,21.2,21.03,0.778,8.91,0.5,0.682,0.633,0.565,0.45,0.48
2025-04,Germany,Europe,Smart TV OS,2922,0.935,21.3,5.3,0.451,0.169,133.2,0.59,16.6,19.16,0.795,8.22,0.609,0.693,0.647,0.583,0.473,0.46
2025-04,Germany,Europe,Streaming Stick,2462,0.98,23.8,7.1,0.534,0.178,188.1,0.622,23.4,17.85,0.729,8.19,0.554,0.71,0.667,0.608,0.505,0.42
2025-04,Germany,Europe,Streaming Box,1259,0.891,22.8,5.4,0.41,0.162,161.7,0.648,24.8,18.94,0.839,7.73,0.585,0.673,0.628,0.566,0.461,0.45
2025-04,Germany,Europe,Partner TV,1145,0.804,17.5,4.4,0.386,0.162,132.5,0.562,24.2,17.81,0.772,7.78,0.603,0.644,0.597,0.534,0.426,0.42
2025-05,United States,North America,Smart TV OS,16437,0.924,20.8,6.5,0.443,0.252,146.5,0.52,18.4,33.68,0.764,9.99,0.537,0.726,0.678,0.613,0.501,0.59
2025-05,United States,North America,Streaming Stick,12886,0.749,18.8,5.4,0.388,0.217,121.3,0.651,20.1,32.44,0.849,10.33,0.63,0.681,0.631,0.563,0.447,0.52
2025-05,United States,North America,Streaming Box,6738,0.98,25.0,7.0,0.516,0.249,153.6,0.608,19.4,32.36,0.828,9.66,0.487,0.742,0.695,0.63,0.517,0.5
2025-05,United States,North America,Partner TV,6177,0.742,17.7,4.8,0.327,0.223,108.5,0.627,22.8,34.01,0.753,9.77,0.503,0.693,0.641,0.57,0.45,0.52
2025-05,Canada,North America,Smart TV OS,3551,0.98,22.8,7.2,0.532,0.215,164.1,0.671,25.9,21.79,0.859,9.01,0.572,0.747,0.702,0.639,0.529,0.46
2025-05,Canada,North America,Streaming Stick,2833,0.862,19.3,4.9,0.39,0.223,135.8,0.584,25.8,23.58,0.816,9.37,0.613,0.696,0.648,0.582,0.469,0.52
2025-05,Canada,North America,Streaming Box,1241,0.944,20.9,5.3,0.415,0.225,146.5,0.601,18.7,22.92,0.798,8.66,0.523,0.704,0.657,0.592,0.481,0.49
2025-05,Canada,North America,Partner TV,1443,0.98,22.3,5.4,0.445,0.211,163.5,0.677,24.5,22.69,0.819,9.32,0.501,0.733,0.687,0.622,0.511,0.51
2025-05,Mexico,Latin America,Smart TV OS,5183,0.98,24.0,7.1,0.499,0.129,157.2,0.645,23.5,8.62,0.832,4.86,0.552,0.678,0.635,0.575,0.473,0.25
2025-05,Mexico,Latin America,Streaming Stick,4111,0.931,23.6,6.9,0.445,0.129,163.8,0.639,25.6,9.4,0.806,5.23,0.506,0.669,0.626,0.567,0.464,0.26
2025-05,Mexico,Latin America,Streaming Box,2304,0.98,23.0,6.7,0.565,0.131,167.5,0.627,19.0,9.49,0.719,5.04,0.565,0.696,0.655,0.598,0.498,0.27
2025-05,Mexico,Latin America,Partner TV,1982,0.701,17.8,4.8,0.359,0.124,109.1,0.613,25.5,8.19,0.721,5.17,0.529,0.615,0.569,0.507,0.402,0.24
2025-05,Brazil,Latin America,Smart TV OS,6757,0.98,22.1,5.9,0.443,0.123,178.2,0.632,20.8,7.42,0.813,4.36,0.543,0.659,0.618,0.561,0.463,0.23
2025-05,Brazil,Latin America,Streaming Stick,4875,0.645,14.3,4.9,0.351,0.1,117.3,0.672,17.2,6.86,0.896,4.3,0.554,0.583,0.538,0.476,0.374,0.23
2025-05,Brazil,Latin America,Streaming Box,2531,0.85,20.6,6.2,0.433,0.114,141.2,0.552,17.7,7.94,0.806,4.33,0.609,0.632,0.588,0.529,0.427,0.24
2025-05,Brazil,Latin America,Partner TV,2489,0.684,16.4,3.7,0.338,0.108,102.9,0.587,21.7,7.18,0.831,4.54,0.641,0.579,0.534,0.473,0.371,0.23
2025-05,United Kingdom,Europe,Smart TV OS,4570,0.943,23.3,6.5,0.433,0.189,156.2,0.574,23.4,19.9,0.784,8.53,0.553,0.711,0.666,0.603,0.495,0.48
2025-05,United Kingdom,Europe,Streaming Stick,3379,0.98,25.4,6.4,0.494,0.191,167.2,0.498,25.2,20.97,0.861,8.88,0.486,0.729,0.684,0.621,0.512,0.45
2025-05,United Kingdom,Europe,Streaming Box,1516,0.969,21.0,6.3,0.517,0.207,171.1,0.592,17.7,21.53,0.822,8.61,0.534,0.708,0.664,0.603,0.497,0.5
2025-05,United Kingdom,Europe,Partner TV,1783,0.596,14.2,4.2,0.319,0.169,109.5,0.629,21.8,23.07,0.847,8.51,0.54,0.629,0.579,0.511,0.398,0.51
2025-05,Germany,Europe,Smart TV OS,3010,0.98,24.3,7.3,0.487,0.193,166.8,0.657,18.7,17.36,0.821,8.04,0.554,0.723,0.679,0.618,0.512,0.46
2025-05,Germany,Europe,Streaming Stick,2519,0.815,18.8,5.1,0.379,0.164,127.9,0.622,21.5,16.28,0.833,7.73,0.559,0.676,0.629,0.564,0.454,0.43
2025-05,Germany,Europe,Streaming Box,1093,0.967,23.0,5.3,0.508,0.173,147.5,0.691,24.0,19.41,0.808,7.73,0.577,0.699,0.654,0.593,0.486,0.45
2025-05,Germany,Europe,Partner TV,1128,0.773,18.6,5.3,0.386,0.156,137.5,0.691,18.2,16.37,0.871,8.16,0.554,0.653,0.606,0.541,0.432,0.44
2025-06,United States,North America,Smart TV OS,17170,0.964,24.3,6.9,0.503,0.263,148.2,0.607,18.2,31.71,0.823,9.67,0.507,0.746,0.699,0.634,0.522,0.6
2025-06,United States,North America,Streaming Stick,13682,0.98,20.0,6.9,0.507,0.275,139.9,0.581,21.5,29.3,0.654,10.1,0.428,0.746,0.698,0.631,0.517,0.54
2025-06,United States,North America,Streaming Box,5863,0.98,24.5,5.6,0.513,0.261,175.0,0.591,23.3,31.16,0.837,9.71,0.534,0.75,0.703,0.638,0.526,0.6
2025-06,United States,North America,Partner TV,5941,0.834,21.3,5.3,0.447,0.263,131.9,0.559,25.9,29.76,0.71,10.16,0.514,0.72,0.67,0.602,0.486,0.5
2025-06,Canada,North America,Smart TV OS,3782,0.98,25.7,7.0,0.604,0.234,188.9,0.606,17.2,25.85,0.768,8.67,0.541,0.775,0.732,0.672,0.566,0.52
2025-06,Canada,North America,Streaming Stick,2584,0.912,19.5,5.7,0.433,0.199,147.4,0.553,22.5,22.12,0.811,8.76,0.57,0.702,0.655,0.591,0.48,0.49
2025-06,Canada,North America,Streaming Box,1317,0.826,20.1,5.7,0.38,0.209,140.5,0.64,25.4,21.71,0.848,9.23,0.566,0.695,0.647,0.582,0.47,0.53
2025-06,Canada,North America,Partner TV,1465,0.786,19.1,4.1,0.362,0.197,123.2,0.615,20.5,25.64,0.831,8.97,0.621,0.665,0.616,0.549,0.437,0.5
2025-06,Mexico,Latin America,Smart TV OS,6098,0.98,21.3,6.2,0.431,0.128,154.2,0.626,21.0,9.65,0.726,4.88,0.446,0.676,0.633,0.573,0.47,0.24
2025-06,Mexico,Latin America,Streaming Stick,4600,0.793,17.8,4.9,0.362,0.125,130.4,0.57,18.6,8.74,0.833,5.1,0.519,0.628,0.584,0.523,0.42,0.24
2025-06,Mexico,Latin America,Streaming Box,2130,0.799,18.0,5.9,0.388,0.114,121.3,0.638,24.1,9.79,0.709,5.09,0.506,0.636,0.591,0.53,0.425,0.27
2025-06,Mexico,Latin America,Partner TV,1958,0.866,20.7,5.7,0.405,0.133,147.7,0.603,17.1,8.53,0.787,4.76,0.527,0.637,0.594,0.535,0.434,0.23
2025-06,Brazil,Latin America,Smart TV OS,6253,0.98,21.6,5.8,0.43,0.124,141.4,0.659,21.0,7.55,0.769,4.61,0.558,0.638,0.597,0.54,0.442,0.24
2025-06,Brazil,Latin America,Streaming Stick,4736,0.895,21.3,6.1,0.409,0.124,154.0,0.534,22.6,6.8,0.786,4.62,0.606,0.618,0.575,0.518,0.419,0.24
2025-06,Brazil,Latin America,Streaming Box,2292,0.871,19.2,4.6,0.405,0.112,130.1,0.625,24.9,7.39,0.828,4.49,0.518,0.619,0.576,0.516,0.416,0.21
2025-06,Brazil,Latin America,Partner TV,2232,0.776,17.0,4.9,0.362,0.118,130.8,0.636,24.4,6.96,0.812,4.34,0.563,0.599,0.555,0.495,0.394,0.22
2025-06,United Kingdom,Europe,Smart TV OS,4778,0.913,20.5,6.2,0.487,0.211,141.6,0.626,18.6,21.68,0.758,8.86,0.559,0.713,0.667,0.604,0.494,0.45
2025-06,United Kingdom,Europe,Streaming Stick,3357,0.922,21.6,5.6,0.404,0.194,133.2,0.652,25.2,19.27,0.941,8.85,0.52,0.71,0.662,0.596,0.484,0.46
2025-06,United Kingdom,Europe,Streaming Box,1634,0.796,19.1,4.8,0.44,0.178,129.1,0.601,19.4,21.65,0.707,8.87,0.48,0.69,0.642,0.576,0.463,0.52
2025-06,United Kingdom,Europe,Partner TV,1590,0.739,16.9,4.8,0.35,0.178,111.0,0.527,18.6,21.53,0.789,8.36,0.528,0.662,0.613,0.547,0.434,0.51
2025-06,Germany,Europe,Smart TV OS,3256,0.98,24.7,6.3,0.514,0.173,167.5,0.669,20.6,16.53,0.757,7.69,0.55,0.683,0.64,0.579,0.475,0.45
2025-06,Germany,Europe,Streaming Stick,2577,0.809,19.2,5.3,0.413,0.151,139.9,0.649,24.6,18.53,0.824,7.74,0.499,0.669,0.622,0.556,0.446,0.47
2025-06,Germany,Europe,Streaming Box,1102,0.837,20.7,5.7,0.38,0.171,129.1,0.667,19.0,16.34,0.721,7.62,0.548,0.677,0.63,0.565,0.454,0.47
2025-06,Germany,Europe,Partner TV,1261,0.685,15.7,4.3,0.327,0.153,106.6,0.648,26.0,16.48,0.807,7.73,0.569,0.634,0.585,0.519,0.408,0.43
2025-07,United States,North America,Smart TV OS,17687,0.98,23.7,7.4,0.452,0.245,151.9,0.467,18.1,30.07,0.773,9.99,0.599,0.751,0.705,0.641,0.53,0.54
2025-07,United States,North America,Streaming Stick,11689,0.924,21.9,6.5,0.501,0.238,151.4,0.677,23.3,30.64,0.858,9.56,0.653,0.741,0.693,0.627,0.514,0.59
2025-07,United States,North America,Streaming Box,5699,0.864,18.3,6.1,0.4,0.259,142.2,0.621,25.9,29.76,0.841,9.54,0.605,0.717,0.668,0.6,0.485,0.59
2025-07,United States,North America,Partner TV,6533,0.779,17.6,5.0,0.378,0.233,129.9,0.621,19.7,29.76,0.689,10.09,0.557,0.702,0.651,0.583,0.466,0.57
2025-07,Canada,North America,Smart TV OS,3411,0.898,19.0,4.8,0.389,0.197,150.1,0.662,21.9,25.23,0.697,8.55,0.582,0.716,0.668,0.601,0.486,0.55
2025-07,Canada,North America,Streaming Stick,2532,0.871,18.2,5.5,0.421,0.223,145.6,0.511,21.6,23.03,0.86,9.38,0.613,0.703,0.654,0.587,0.473,0.55
2025-07,Canada,North America,Streaming Box,1360,0.846,20.4,5.0,0.407,0.228,144.0,0.608,23.7,22.07,0.782,9.19,0.57,0.691,0.644,0.58,0.47,0.52
2025-07,Canada,North America,Partner TV,1419,0.767,18.8,5.2,0.378,0.218,119.3,0.653,20.4,25.23,0.702,8.68,0.484,0.682,0.632,0.564,0.449,0.5
2025-07,Mexico,Latin America,Smart TV OS,5680,0.89,18.6,5.5,0.436,0.128,145.3,0.585,22.2,9.07,0.757,4.79,0.562,0.652,0.607,0.547,0.442,0.25
2025-07,Mexico,Latin America,Streaming Stick,4350,0.662,14.0,4.3,0.303,0.115,111.8,0.588,20.5,9.66,0.707,5.0,0.612,0.61,0.563,0.498,0.391,0.23
2025-07,Mexico,Latin America,Streaming Box,1971,0.95,20.9,6.7,0.45,0.123,141.9,0.625,23.7,9.54,0.751,4.94,0.59,0.646,0.603,0.545,0.444,0.27
2025-07,Mexico,Latin America,Partner TV,2109,0.796,17.9,4.5,0.396,0.122,124.0,0.661,18.8,8.2,0.827,5.21,0.534,0.612,0.568,0.506,0.403,0.26
2025-07,Brazil,Latin America,Smart TV OS,6297,0.98,22.8,6.0,0.49,0.118,184.0,0.581,17.6,7.59,0.833,4.55,0.532,0.656,0.616,0.562,0.467,0.2
2025-07,Brazil,Latin America,Streaming Stick,5186,0.929,22.0,5.9,0.444,0.107,148.6,0.576,23.8,7.32,0.795,4.49,0.554,0.636,0.593,0.534,0.433,0.22
2025-07,Brazil,Latin America,Streaming Box,2279,0.98,24.3,6.4,0.554,0.118,157.8,0.731,22.4,8.18,0.773,4.58,0.572,0.656,0.616,0.561,0.464,0.21
2025-07,Brazil,Latin America,Partner TV,2174,0.795,19.8,5.6,0.427,0.111,136.1,0.705,22.5,8.24,0.806,4.52,0.55,0.623,0.579,0.52,0.418,0.23
2025-07,United Kingdom,Europe,Smart TV OS,4505,0.974,24.6,7.2,0.459,0.217,179.6,0.654,16.0,20.77,0.854,8.21,0.596,0.71,0.667,0.606,0.5,0.47
2025-07,United Kingdom,Europe,Streaming Stick,3559,0.92,21.1,5.0,0.413,0.192,155.3,0.644,20.1,21.7,0.839,8.71,0.531,0.683,0.637,0.573,0.464,0.45
2025-07,United Kingdom,Europe,Streaming Box,1561,0.98,26.3,6.7,0.577,0.221,189.8,0.515,18.0,22.52,0.875,8.83,0.552,0.741,0.698,0.638,0.533,0.52
2025-07,United Kingdom,Europe,Partner TV,1792,0.847,20.9,5.5,0.437,0.187,139.4,0.694,24.9,21.55,0.819,8.43,0.511,0.689,0.643,0.579,0.469,0.45
2025-07,Germany,Europe,Smart TV OS,3006,0.98,26.6,7.6,0.543,0.194,191.3,0.635,22.6,19.25,0.908,7.93,0.579,0.716,0.674,0.616,0.515,0.47
2025-07,Germany,Europe,Streaming Stick,2604,0.781,18.0,5.1,0.355,0.16,121.4,0.679,20.9,19.1,0.79,7.65,0.497,0.666,0.618,0.552,0.441,0.45
2025-07,Germany,Europe,Streaming Box,1187,0.98,22.5,6.3,0.49,0.185,160.7,0.586,24.0,19.27,0.811,8.06,0.544,0.698,0.654,0.593,0.488,0.47
2025-07,Germany,Europe,Partner TV,1241,0.9,19.2,5.6,0.462,0.181,137.9,0.654,24.2,16.32,0.789,8.29,0.527,0.683,0.637,0.572,0.463,0.45
2025-08,United States,North America,Smart TV OS,17849,0.98,23.1,6.0,0.503,0.261,147.0,0.567,18.5,29.69,0.864,9.72,0.549,0.729,0.682,0.617,0.505,0.6
2025-08,United States,North America,Streaming Stick,12742,0.908,20.6,6.2,0.419,0.258,141.2,0.626,19.9,34.51,0.799,9.79,0.578,0.713,0.665,0.599,0.485,0.53
2025-08,United States,North America,Streaming Box,6249,0.841,18.9,5.6,0.442,0.261,143.6,0.609,19.6,33.81,0.726,9.68,0.48,0.708,0.66,0.593,0.48,0.5
2025-08,United States,North America,Partner TV,6582,0.869,21.2,4.8,0.449,0.254,147.3,0.627,22.5,34.68,0.843,9.81,0.583,0.727,0.677,0.608,0.49,0.6
2025-08,Canada,North America,Smart TV OS,3726,0.98,24.4,7.2,0.448,0.206,169.7,0.563,22.5,24.07,0.806,8.66,0.592,0.738,0.691,0.627,0.515,0.46
2025-08,Canada,North America,Streaming Stick,2619,0.905,19.2,5.9,0.443,0.209,143.6,0.557,23.4,26.34,0.886,9.06,0.549,0.715,0.666,0.599,0.485,0.49
2025-08,Canada,North America,Streaming Box,1423,0.811,21.1,5.3,0.368,0.2,137.0,0.678,17.8,22.4,0.792,9.33,0.508,0.681,0.633,0.568,0.456,0.45
2025-08,Canada,North America,Partner TV,1365,0.695,16.2,4.8,0.35,0.206,128.4,0.585,25.8,25.15,0.844,8.74,0.522,0.664,0.614,0.547,0.433,0.52
2025-08,Mexico,Latin America,Smart TV OS,5545,0.98,26.1,7.9,0.573,0.131,189.6,0.648,23.9,8.88,0.749,4.86,0.524,0.704,0.664,0.608,0.511,0.25
2025-08,Mexico,Latin America,Streaming Stick,3833,0.976,23.3,5.9,0.454,0.124,152.8,0.581,22.6,8.88,0.834,4.95,0.54,0.671,0.628,0.568,0.465,0.24
2025-08,Mexico,Latin America,Streaming Box,2064,0.849,18.3,5.3,0.421,0.125,150.8,0.634,18.5,8.31,0.768,4.88,0.533,0.631,0.587,0.527,0.425,0.25
2025-08,Mexico,Latin America,Partner TV,1957,0.791,16.2,4.9,0.357,0.109,124.5,0.568,17.3,8.36,0.892,5.05,0.483,0.616,0.571,0.509,0.405,0.27
2025-08,Brazil,Latin America,Smart TV OS,7007,0.919,19.1,5.8,0.421,0.109,139.1,0.624,22.5,8.2,0.829,4.68,0.523,0.639,0.596,0.536,0.434,0.23
2025-08,Brazil,Latin America,Streaming Stick,4832,0.828,19.5,5.1,0.369,0.104,125.3,0.699,16.1,6.99,0.783,4.29,0.491,0.625,0.58,0.52,0.417,0.23
2025-08,Brazil,Latin America,Streaming Box,2335,0.838,20.3,5.5,0.386,0.117,138.5,0.586,16.9,7.12,0.806,4.71,0.497,0.631,0.587,0.527,0.424,0.23
2025-08,Brazil,Latin America,Partner TV,2296,0.713,15.9,4.2,0.359,0.101,123.3,0.627,25.1,7.53,0.759,4.34,0.546,0.602,0.556,0.493,0.389,0.21
2025-08,United Kingdom,Europe,Smart TV OS,4661,0.882,22.9,5.1,0.448,0.191,139.7,0.55,17.8,20.87,0.78,8.17,0.596,0.7,0.653,0.589,0.479,0.48
2025-08,United Kingdom,Europe,Streaming Stick,3401,0.765,18.3,5.2,0.397,0.174,126.0,0.712,18.4,19.15,0.764,8.2,0.499,0.662,0.613,0.547,0.435,0.51
2025-08,United Kingdom,Europe,Streaming Box,1587,0.816,20.0,5.5,0.413,0.208,142.7,0.673,21.9,19.93,0.712,8.14,0.534,0.68,0.633,0.568,0.458,0.49
2025-08,United Kingdom,Europe,Partner TV,1511,0.9,21.5,5.3,0.464,0.188,151.0,0.678,16.9,20.27,0.785,8.7,0.465,0.7,0.653,0.587,0.476,0.49
2025-08,Germany,Europe,Smart TV OS,2970,0.98,22.5,7.2,0.506,0.165,161.1,0.54,25.9,18.74,0.902,7.59,0.591,0.713,0.668,0.607,0.502,0.46
2025-08,Germany,Europe,Streaming Stick,2603,0.893,21.0,5.4,0.44,0.171,152.8,0.735,24.9,16.55,0.79,8.22,0.497,0.67,0.624,0.56,0.452,0.45
2025-08,Germany,Europe,Streaming Box,1116,0.98,22.8,6.2,0.518,0.19,167.5,0.596,20.1,16.85,0.917,7.95,0.537,0.703,0.66,0.601,0.498,0.49
2025-08,Germany,Europe,Partner TV,1253,0.786,20.2,5.8,0.382,0.158,134.6,0.738,22.6,19.01,0.806,7.84,0.527,0.664,0.616,0.552,0.442,0.45
2025-09,United States,North America,Smart TV OS,18208,0.98,26.6,7.7,0.557,0.247,189.5,0.611,18.6,29.89,0.837,9.69,0.516,0.763,0.718,0.654,0.544,0.58
2025-09,United States,North America,Streaming Stick,13043,0.869,19.1,5.7,0.39,0.236,150.7,0.616,20.5,32.85,0.756,10.16,0.558,0.71,0.661,0.594,0.479,0.53
2025-09,United States,North America,Streaming Box,6088,0.974,21.5,6.0,0.438,0.241,146.0,0.563,20.3,34.57,0.766,9.53,0.597,0.741,0.693,0.627,0.513,0.58
2025-09,United States,North America,Partner TV,5741,0.975,23.2,5.8,0.443,0.237,143.6,0.63,23.4,33.35,0.863,9.67,0.55,0.751,0.702,0.635,0.519,0.56
2025-09,Canada,North America,Smart TV OS,3329,0.883,18.4,5.1,0.376,0.203,124.9,0.575,17.4,25.03,0.862,9.16,0.587,0.707,0.658,0.59,0.475,0.47
2025-09,Canada,North America,Streaming Stick,2756,0.98,26.0,6.8,0.518,0.208,181.6,0.673,16.0,24.03,0.838,8.77,0.498,0.739,0.694,0.63,0.521,0.47
2025-09,Canada,North America,Streaming Box,1236,0.938,22.7,6.6,0.423,0.201,145.5,0.558,22.5,23.46,0.834,8.63,0.56,0.707,0.66,0.597,0.487,0.54
2025-09,Canada,North America,Partner TV,1464,0.724,19.0,5.0,0.4,0.188,120.6,0.564,19.5,24.97,0.827,9.07,0.542,0.662,0.614,0.547,0.435,0.52
2025-09,Mexico,Latin America,Smart TV OS,5054,0.855,19.7,5.4,0.414,0.128,153.4,0.634,22.8,8.45,0.793,4.98,0.519,0.656,0.612,0.551,0.447,0.23
2025-09,Mexico,Latin America,Streaming Stick,3863,0.871,18.2,4.8,0.446,0.119,130.4,0.576,25.2,8.64,0.741,5.02,0.578,0.636,0.591,0.531,0.427,0.27
2025-09,Mexico,Latin America,Streaming Box,2088,0.879,23.3,5.9,0.426,0.132,148.7,0.584,21.7,8.18,0.732,5.09,0.521,0.643,0.6,0.542,0.441,0.25
2025-09,Mexico,Latin America,Partner TV,1985,0.663,14.3,4.5,0.348,0.115,98.8,0.671,23.0,9.58,0.858,5.01,0.594,0.613,0.565,0.5,0.392,0.23
2025-09,Brazil,Latin America,Smart TV OS,5803,0.892,20.7,5.2,0.426,0.116,155.6,0.671,19.5,7.83,0.86,4.49,0.59,0.643,0.601,0.542,0.443,0.24
2025-09,Brazil,Latin America,Streaming Stick,4797,0.886,20.1,4.8,0.461,0.124,136.1,0.651,16.6,6.79,0.875,4.3,0.585,0.621,0.578,0.52,0.42,0.24
2025-09,Brazil,Latin America,Streaming Box,2455,0.914,21.4,5.3,0.492,0.115,144.0,0.644,23.1,7.95,0.733,4.65,0.557,0.635,0.594,0.538,0.441,0.24
2025-09,Brazil,Latin America,Partner TV,2267,0.755,19.1,4.5,0.333,0.107,116.3,0.625,18.9,7.53,0.881,4.63,0.566,0.601,0.557,0.497,0.395,0.2
2025-09,United Kingdom,Europe,Smart TV OS,4551,0.915,23.6,6.3,0.494,0.189,152.8,0.668,21.0,20.4,0.78,8.47,0.581,0.698,0.653,0.591,0.485,0.5
2025-09,United Kingdom,Europe,Streaming Stick,3198,0.937,23.0,6.4,0.457,0.207,152.9,0.595,24.9,19.05,0.831,8.2,0.548,0.72,0.674,0.611,0.501,0.47
2025-09,United Kingdom,Europe,Streaming Box,1787,0.898,21.3,6.7,0.433,0.2,161.7,0.57,21.5,22.87,0.832,8.29,0.556,0.716,0.669,0.604,0.492,0.5
2025-09,United Kingdom,Europe,Partner TV,1494,0.787,20.0,5.9,0.367,0.195,123.4,0.666,21.2,22.71,0.803,8.76,0.54,0.687,0.639,0.572,0.46,0.46
2025-09,Germany,Europe,Smart TV OS,2944,0.971,23.0,5.5,0.47,0.166,142.3,0.603,16.6,19.26,0.839,7.86,0.541,0.687,0.643,0.582,0.477,0.44
2025-09,Germany,Europe,Streaming Stick,2413,0.918,18.7,6.2,0.464,0.17,151.7,0.589,21.6,17.38,0.808,7.6,0.46,0.677,0.63,0.567,0.459,0.43
2025-09,Germany,Europe,Streaming Box,1089,0.854,18.7,5.9,0.391,0.16,139.4,0.546,21.6,16.2,0.77,8.38,0.539,0.671,0.624,0.56,0.45,0.49
2025-09,Germany,Europe,Partner TV,1084,0.757,18.1,4.6,0.38,0.165,108.0,0.543,19.0,17.32,0.714,7.94,0.508,0.64,0.592,0.527,0.418,0.45
2025-10,United States,North America,Smart TV OS,16976,0.98,23.4,7.2,0.539,0.26,180.6,0.544,21.6,33.28,0.884,9.7,0.548,0.756,0.71,0.645,0.533,0.59
2025-10,United States,North America,Streaming Stick,11665,0.691,17.0,4.7,0.352,0.226,109.3,0.62,22.4,33.4,0.751,9.99,0.565,0.688,0.635,0.564,0.444,0.57
2025-10,United States,North America,Streaming Box,6878,0.928,23.2,7.0,0.513,0.261,169.3,0.587,23.7,32.13,0.896,9.6,0.552,0.748,0.7,0.633,0.519,0.55
2025-10,United States,North America,Partner TV,5806,0.704,15.8,5.1,0.355,0.233,107.9,0.717,24.0,30.26,0.758,9.64,0.512,0.674,0.624,0.556,0.44,0.59
2025-10,Canada,North America,Smart TV OS,3877,0.98,22.8,6.3,0.504,0.212,168.2,0.691,21.5,23.25,0.785,8.8,0.572,0.753,0.707,0.644,0.533,0.5
2025-10,Canada,North America,Streaming Stick,2766,0.941,21.3,6.2,0.446,0.232,160.6,0.664,20.8,25.62,0.813,9.23,0.541,0.702,0.655,0.591,0.481,0.48
2025-10,Canada,North America,Streaming Box,1302,0.849,18.7,5.8,0.383,0.217,140.8,0.608,23.2,25.99,0.74,8.89,0.616,0.68,0.632,0.566,0.455,0.53
2025-10,Canada,North America,Partner TV,1432,0.821,17.8,5.5,0.354,0.218,117.0,0.638,20.4,22.98,0.797,8.99,0.576,0.697,0.647,0.579,0.463,0.54
2025-10,Mexico,Latin America,Smart TV OS,5200,0.98,21.3,5.6,0.446,0.131,162.3,0.698,22.9,8.76,0.818,4.9,0.497,0.661,0.619,0.56,0.46,0.26
2025-10,Mexico,Latin America,Streaming Stick,4158,0.805,20.6,5.6,0.411,0.125,145.7,0.7,25.7,9.18,0.828,5.03,0.503,0.643,0.598,0.536,0.431,0.27
2025-10,Mexico,Latin America,Streaming Box,2227,0.776,17.7,4.5,0.335,0.11,130.9,0.557,19.9,8.54,0.884,4.89,0.502,0.615,0.57,0.508,0.404,0.24
2025-10,Mexico,Latin America,Partner TV,2023,0.855,17.5,4.7,0.394,0.116,143.8,0.629,22.8,8.53,0.832,4.85,0.553,0.625,0.581,0.52,0.418,0.24
2025-10,Brazil,Latin America,Smart TV OS,6220,0.98,23.6,6.0,0.47,0.117,171.0,0.642,16.5,7.86,0.779,4.46,0.479,0.662,0.62,0.563,0.463,0.21
2025-10,Brazil,Latin America,Streaming Stick,4654,0.947,23.9,6.2,0.45,0.11,139.4,0.618,20.2,7.2,0.771,4.28,0.476,0.645,0.603,0.545,0.445,0.22
2025-10,Brazil,Latin America,Streaming Box,2189,0.98,22.1,6.2,0.515,0.129,164.1,0.721,23.5,8.03,0.861,4.59,0.579,0.663,0.623,0.566,0.468,0.24
2025-10,Brazil,Latin America,Partner TV,2466,0.69,16.5,5.0,0.341,0.115,122.5,0.703,23.6,8.15,0.786,4.52,0.607,0.603,0.557,0.495,0.391,0.21
2025-10,United Kingdom,Europe,Smart TV OS,4184,0.98,26.6,7.6,0.528,0.224,167.9,0.716,23.2,19.95,0.801,8.33,0.533,0.732,0.689,0.63,0.526,0.44
2025-10,United Kingdom,Europe,Streaming Stick,3267,0.817,20.7,5.3,0.4,0.206,131.1,0.523,19.3,19.27,0.748,8.12,0.523,0.681,0.633,0.569,0.458,0.48
2025-10,United Kingdom,Europe,Streaming Box,1703,0.853,20.4,6.2,0.455,0.202,144.0,0.688,16.8,22.08,0.703,8.14,0.601,0.697,0.649,0.583,0.471,0.52
2025-10,United Kingdom,Europe,Partner TV,1658,0.692,17.8,5.1,0.318,0.174,111.1,0.608,17.5,21.26,0.793,8.62,0.569,0.661,0.611,0.543,0.429,0.47
2025-10,Germany,Europe,Smart TV OS,2889,0.961,20.8,5.7,0.434,0.178,139.7,0.655,24.0,18.24,0.795,8.04,0.559,0.681,0.637,0.576,0.471,0.44
2025-10,Germany,Europe,Streaming Stick,2365,0.843,19.7,6.0,0.461,0.17,151.7,0.697,21.4,17.17,0.721,8.34,0.482,0.68,0.634,0.571,0.463,0.45
2025-10,Germany,Europe,Streaming Box,1179,0.98,27.0,7.0,0.563,0.196,197.0,0.658,22.4,18.55,0.79,8.18,0.566,0.723,0.683,0.628,0.53,0.43
2025-10,Germany,Europe,Partner TV,1181,0.719,16.1,4.4,0.345,0.166,120.2,0.658,16.8,17.89,0.821,8.13,0.594,0.635,0.588,0.523,0.414,0.49
2025-11,United States,North America,Smart TV OS,21267,0.843,19.4,5.8,0.425,0.233,138.9,0.559,20.1,28.81,0.889,9.51,0.531,0.713,0.664,0.598,0.484,0.57
2025-11,United States,North America,Streaming Stick,16420,0.807,19.1,6.0,0.367,0.26,147.9,0.604,22.6,32.1,0.815,10.41,0.445,0.72,0.67,0.6,0.483,0.53
2025-11,United States,North America,Streaming Box,7297,0.942,20.2,5.3,0.48,0.248,156.9,0.583,24.8,32.3,0.878,10.0,0.588,0.733,0.685,0.619,0.504,0.59
2025-11,United States,North America,Partner TV,7711,0.78,16.8,4.8,0.371,0.225,126.3,0.727,25.2,30.13,0.872,10.03,0.573,0.691,0.64,0.571,0.454,0.51
2025-11,Canada,North America,Smart TV OS,4528,0.946,22.1,6.0,0.413,0.212,151.7,0.757,16.9,21.95,0.83,8.71,0.496,0.708,0.662,0.598,0.488,0.47
2025-11,Canada,North America,Streaming Stick,3179,0.887,18.5,6.2,0.406,0.227,139.2,0.702,21.9,26.35,0.821,8.64,0.563,0.714,0.665,0.598,0.483,0.48
2025-11,Canada,North America,Streaming Box,1753,0.881,20.3,5.6,0.409,0.213,148.6,0.555,17.4,24.11,0.87,8.61,0.599,0.701,0.655,0.591,0.481,0.46
2025-11,Canada,North America,Partner TV,1685,0.728,18.2,4.3,0.367,0.199,125.9,0.651,20.7,26.35,0.89,9.42,0.563,0.67,0.621,0.554,0.441,0.46
2025-11,Mexico,Latin America,Smart TV OS,6632,0.98,21.6,5.8,0.497,0.136,161.8,0.688,18.4,9.07,0.734,4.99,0.54,0.669,0.628,0.571,0.473,0.23
2025-11,Mexico,Latin America,Streaming Stick,5001,0.8,17.5,5.8,0.357,0.116,132.6,0.66,23.2,8.5,0.762,4.9,0.58,0.634,0.589,0.527,0.422,0.26
2025-11,Mexico,Latin America,Streaming Box,2704,0.98,24.3,6.4,0.534,0.134,165.1,0.578,19.1,9.62,0.797,5.15,0.471,0.671,0.629,0.572,0.472,0.26
2025-11,Mexico,Latin America,Partner TV,2847,0.788,17.5,4.5,0.349,0.122,116.9,0.669,21.5,8.91,0.865,5.16,0.571,0.619,0.574,0.511,0.407,0.27
2025-11,Brazil,Latin America,Smart TV OS,8480,0.92,23.9,6.4,0.428,0.123,155.7,0.705,25.1,7.02,0.816,4.56,0.58,0.632,0.59,0.534,0.436,0.21
2025-11,Brazil,Latin America,Streaming Stick,5887,0.909,21.3,5.8,0.404,0.111,143.2,0.575,21.4,8.13,0.785,4.54,0.574,0.628,0.585,0.527,0.427,0.21
2025-11,Brazil,Latin America,Streaming Box,3158,0.98,24.9,5.8,0.463,0.123,157.6,0.605,19.0,7.74,0.758,4.4,0.564,0.656,0.616,0.559,0.461,0.2
2025-11,Brazil,Latin America,Partner TV,3136,0.83,20.4,5.2,0.381,0.112,140.3,0.638,21.9,8.05,0.756,4.48,0.524,0.622,0.578,0.517,0.415,0.23
2025-11,United Kingdom,Europe,Smart TV OS,5373,0.969,24.2,5.4,0.464,0.213,153.5,0.619,20.3,21.04,0.805,8.08,0.549,0.717,0.671,0.607,0.496,0.51
2025-11,United Kingdom,Europe,Streaming Stick,4368,0.741,17.7,5.0,0.344,0.18,123.6,0.593,20.4,20.65,0.843,8.47,0.574,0.671,0.623,0.556,0.444,0.43
2025-11,United Kingdom,Europe,Streaming Box,1885,0.947,21.5,5.4,0.458,0.196,145.4,0.509,16.2,20.6,0.792,8.46,0.501,0.716,0.669,0.605,0.494,0.5
2025-11,United Kingdom,Europe,Partner TV,1977,0.58,14.0,3.7,0.283,0.182,101.4,0.619,23.0,20.93,0.778,8.75,0.641,0.63,0.579,0.509,0.394,0.44
2025-11,Germany,Europe,Smart TV OS,3994,0.855,19.0,6.1,0.439,0.17,154.5,0.629,17.8,16.57,0.782,8.23,0.453,0.672,0.627,0.564,0.458,0.46
2025-11,Germany,Europe,Streaming Stick,3150,0.98,21.5,5.5,0.477,0.172,151.0,0.669,21.7,16.87,0.768,7.65,0.51,0.704,0.66,0.598,0.492,0.47
2025-11,Germany,Europe,Streaming Box,1354,0.98,22.0,5.6,0.452,0.166,171.4,0.616,25.8,16.32,0.869,8.21,0.51,0.7,0.656,0.594,0.488,0.42
2025-11,Germany,Europe,Partner TV,1610,0.762,17.5,5.0,0.385,0.16,129.4,0.614,24.5,16.27,0.873,8.23,0.516,0.647,0.599,0.534,0.424,0.42
2025-12,United States,North America,Smart TV OS,21129,0.913,21.7,4.9,0.386,0.239,141.1,0.609,18.8,34.03,0.749,10.0,0.57,0.734,0.684,0.615,0.497,0.58
2025-12,United States,North America,Streaming Stick,16559,0.867,22.4,5.6,0.454,0.23,152.9,0.515,18.9,33.28,0.804,9.85,0.644,0.713,0.664,0.598,0.484,0.51
2025-12,United States,North America,Streaming Box,7333,0.87,22.9,5.3,0.488,0.234,151.0,0.684,24.1,31.38,0.718,10.08,0.563,0.717,0.669,0.603,0.491,0.57
2025-12,United States,North America,Partner TV,8211,0.608,14.9,3.6,0.257,0.214,87.7,0.622,21.2,33.91,0.793,10.31,0.552,0.656,0.603,0.531,0.412,0.56
2025-12,Canada,North America,Smart TV OS,4759,0.98,25.8,6.4,0.539,0.21,170.5,0.641,16.6,25.16,0.767,9.37,0.596,0.742,0.697,0.634,0.525,0.54
2025-12,Canada,North America,Streaming Stick,3357,0.718,18.5,4.2,0.329,0.212,109.9,0.578,23.3,26.16,0.811,9.33,0.559,0.674,0.625,0.557,0.442,0.53
2025-12,Canada,North America,Streaming Box,1541,0.819,19.7,4.5,0.432,0.202,138.6,0.676,18.4,24.2,0.815,9.42,0.531,0.703,0.653,0.585,0.47,0.5
2025-12,Canada,North America,Partner TV,1568,0.655,15.5,4.1,0.306,0.199,110.6,0.712,18.0,25.9,0.838,9.01,0.535,0.65,0.6,0.532,0.419,0.47
2025-12,Mexico,Latin America,Smart TV OS,7478,0.98,26.6,6.3,0.48,0.126,179.3,0.641,22.5,8.75,0.757,4.83,0.553,0.686,0.645,0.588,0.488,0.23
2025-12,Mexico,Latin America,Streaming Stick,5562,0.794,19.6,4.4,0.375,0.129,130.1,0.62,17.6,8.77,0.817,5.11,0.563,0.635,0.59,0.528,0.423,0.24
2025-12,Mexico,Latin America,Streaming Box,2369,0.887,18.4,5.6,0.413,0.119,133.9,0.625,17.9,8.35,0.753,4.76,0.592,0.651,0.607,0.546,0.442,0.27
2025-12,Mexico,Latin America,Partner TV,2557,0.733,18.1,5.0,0.4,0.115,118.4,0.596,24.8,9.74,0.698,4.97,0.547,0.62,0.575,0.513,0.409,0.25
2025-12,Brazil,Latin America,Smart TV OS,7232,0.842,21.7,6.4,0.439,0.112,146.7,0.547,16.4,7.99,0.842,4.45,0.532,0.629,0.586,0.527,0.426,0.24
2025-12,Brazil,Latin America,Streaming Stick,5581,0.867,18.5,5.7,0.458,0.11,131.8,0.657,21.0,7.73,0.743,4.37,0.585,0.635,0.591,0.531,0.428,0.24
2025-12,Brazil,Latin America,Streaming Box,3081,0.727,18.3,4.4,0.389,0.102,115.6,0.601,21.2,8.03,0.719,4.31,0.557,0.609,0.564,0.503,0.399,0.21
2025-12,Brazil,Latin America,Partner TV,2996,0.624,16.2,4.5,0.286,0.104,104.6,0.597,20.1,7.03,0.796,4.41,0.529,0.587,0.541,0.478,0.375,0.22
2025-12,United Kingdom,Europe,Smart TV OS,5084,0.881,19.7,5.5,0.443,0.19,143.7,0.636,23.7,22.47,0.858,8.54,0.493,0.71,0.663,0.599,0.488,0.5
2025-12,United Kingdom,Europe,Streaming Stick,4166,0.755,18.2,4.5,0.374,0.172,120.5,0.639,19.7,19.1,0.779,8.91,0.494,0.665,0.615,0.548,0.435,0.47
2025-12,United Kingdom,Europe,Streaming Box,2260,0.92,20.0,6.2,0.423,0.181,134.6,0.62,23.5,22.13,0.733,8.09,0.574,0.705,0.658,0.593,0.482,0.53
2025-12,United Kingdom,Europe,Partner TV,1969,0.687,16.8,3.9,0.343,0.181,116.6,0.647,24.8,19.58,0.921,8.79,0.562,0.639,0.59,0.523,0.412,0.51
2025-12,Germany,Europe,Smart TV OS,3991,0.98,23.2,7.3,0.563,0.187,189.8,0.618,25.1,18.52,0.803,7.78,0.618,0.734,0.691,0.632,0.527,0.47
2025-12,Germany,Europe,Streaming Stick,2826,0.897,21.9,5.4,0.394,0.171,135.4,0.512,22.5,18.72,0.726,8.28,0.498,0.669,0.623,0.56,0.452,0.41
2025-12,Germany,Europe,Streaming Box,1609,0.818,18.2,5.5,0.395,0.155,127.8,0.583,21.1,16.98,0.84,8.1,0.538,0.656,0.61,0.546,0.438,0.41
2025-12,Germany,Europe,Partner TV,1408,0.621,14.4,3.9,0.314,0.157,102.1,0.692,22.9,16.83,0.89,7.75,0.55,0.621,0.573,0.507,0.397,0.45
